F_NO,F_NAME,NATION_ID,COOKING_ID,RECIPE,INGREDIENTS,IMGDIR
1,산채 비빔밥,N1,C1,"취나물을 두시간 정도 찬물에 담가둔 후 5분 정도 삶아준다.
시금치를 끓는 소름물에 재빨리 데친 뒤 찬물에 헹군다.
취나물 및 다른 나물들과 버섯에 다진마늘, 들기름을 넣고 볶아준다.
밥에 원하는 재료만큼 담아 고추장과 함께 비벼먹는다.

","쌀
고사리
취나물
생표고
느타리버섯
콩나물
계란
김
참기름
간장
파
마늘
상추",https://search.pstatic.net/common/?src=http%3A%2F%2Fblogfiles.naver.net%2F20151112_200%2Fwndwkd8222_1447314019893KyCGx_JPEG%2Fimg-20130430-092055.jpg&type=b400
2,추어탕,N1,C3,"미리 준비한 미꾸라지 육수와 통들깨가루 국물을 추어탕을 끓일 냄비에 넣고 먹을 양만큼 넣고 강한 불에서 끓입니다. 
육수가 끓기 시작하면 된장과 고추장 양념을 한 시래기 외 나물 무친 것을 끓는 육수에 넣어준다.
불을 중불로 줄인 후 청양고추를 큼직하게 다져서 넣은 후 한소큼 끓인다.
시래기를 넣은 국이 끓기 시작하면 기호에 따라 국간장으로 간을 맞춥니다. 
","미꾸라지
시래기
들깨
된장
고추장
마늘
청장
물고추
후춧가루
산초가루",https://search.pstatic.net/common/?src=http%3A%2F%2Fblogfiles.naver.net%2F20131101_190%2Fum1407_1383303063001h5f1e_JPEG%2F%25BA%25CE%25C3%25B5%25BD%25C3_%25B8%25ED%25B0%25A1%25C3%25DF%25BE%25EE%25C5%25C1_%25C6%25AF%25BB%25F6%25C0%25BD%25BD%25C4%25C1%25A1_%25BA%25CE%25C3%25B5%25BD%25C3%25B8%25F0%25B9%25FC%25C0%25BD%25BD%25C4%25C1%25A1_%25C3%25DF%25BE%25EE%25C5%25C1_%25B8%25ED%25B0%25A1%25C3%25DF%25BE%25EE%25C5%25C1_%25BF%25F8%25C1%25BE%25B5%25BF%25B8%25C0%25C1%25FD_%25BA%25CE%25C3%25B5_%25C3%25DF%25BE%25EE%25C5%25C1_%25284%2529.JPG&type=b400
3,순두부찌개,N1,C3,"조갯살에 양념장 1/2량을 넣고 양념한다.
냄비에 순두부와 물을 붓고, 센불에 2분 정도 올려 끓으면 중불로 낮추어 5분정도 끓인다.
양념한 조갯살과 남은 양념장 1/2량을 넣고, 2분 정도 더 끓인다.
청·홍고추와 파를 넣고, 2분 정도 더 끓인다.","순두부
물
바지락 조개
파
청장
고춧가루
마늘
참기름",https://search.pstatic.net/common/?src=http%3A%2F%2Fblogfiles.naver.net%2F20130603_84%2Fijsarang_1370254534024OP8QH_JPEG%2Fcvbgbgbbfbfbbb.jpg&type=b400
4,아귀찜,N1,C4,"아귀의 내장을 빼고 토막 내어 소금물에 씻어 건진다. 미더덕도 소금물에 씻어 건진다.
냄비에 물을 붓고 된장, 생강, 청주를 넣어 끓어오르면 아귀를 넣고 데쳐낸다.
콩나물은 머리와 꼬리를 떼고, 냄비에 담아 물 1컵을 붓고 중간 불에서 5분 동안 익힌다.
미나리는 잎을 떼어 10cm 길이로 썰고, 대파와 고추는 어슷하게 썬다.
고춧가루에 나머지 재료를 섞어서 찜 양념을 만든다.
녹말과 물을 섞어 녹말물을 준비한다.
뜨겁게 달군 냄비에 식용유를 두르고 마늘을 볶다가 데쳐낸 아귀를 담고 양념을 반 덜어 얹은 다음 멸칫국물과 콩나물 데친 물을 부어 끓인다.
미더덕과 익힌 콩나물, 미나리, 대파, 고추를 얹고 남은 양념을 넣어 잠시 끓인다.
녹말물을 끓는 찜에 넣고 가만히 섞는다.
초간장을 곁들여 아귀찜을 찍어 먹는다.

","아귀
미나리
대파
물엿
마늘
생강
고춧가루
사과식초
흑설탕
고추장
소금",https://search.pstatic.net/common/?src=http%3A%2F%2Fblogfiles.naver.net%2FMjAxNzA3MjVfMTgz%2FMDAxNTAwOTQyNDg0MDI4.viMclivlURsIMFaWtWYfxGhxysJ9bGF5d0mM53VeWVIg.rr1fL8gUr93asuMj9G4dR3tloKErWKkfT9srLRG43-sg.JPEG.kimpopcon%2F2017-07-25_08%253B54%253B53.jpg&type=b400
5,주꾸미 볶음,N1,C6,"주꾸미는 머리부분을 뒤집어 먹통과 내장을 떼어내고, 소금과 밀가루를 넣고 문지른 후 흐르는 물에 깨끗이 씻는다.
끓는 물에 청주와 소금을 넣고, 손질한 주꾸미를 넣어 10초 정도 살짝 데친다. 
냄비에 물을 끓인 후 소면을 넣어준다.
물이 끓어오르면 찬물 반 컵을 2~3번 정도 반복해서 부어 국수를 삶는다.
흐르는 찬물에 소면을 여러 번 헹궈 전분기를 없애고, 동그랗게 모양을 잡은 후 체에 밭쳐 물기를 빼준다.
양파는 굵게 채를 썰고, 당근은 먹기 좋게 썰어준다. 
대파와 청양고추, 홍고추는 어슷하게 썰어준다. 
양념재료는 모두 볼에 섞어주고 달군팬에 오일을 살짝 두르고 채썬 양파와 대파를 넣어 볶는다.
대파의 향이 올라오면 양념재료를 넣어 볶고, 주꾸미, 당근, 청양고추, 홍고추를 넣어 고루 섞이도록 빠르게 볶은 후 마지막에 참기름과 통깨를 뿌린다.
남은 주꾸미 볶음에 밥과 김가루, 콩나물, 깻잎, 치즈 등을 넣어 볶아 드시면 더 맛있게 즐길 수 있다.","주꾸미
호박
양파
당근
풋고추
홍고추
대파
고추장
고춧가루
설탕
맛술
간장
후춧가루
깨소금
생강",https://search.pstatic.net/common/?src=http%3A%2F%2Fblogfiles.naver.net%2F20130510_14%2Flth0410_13681637260477sVMM_JPEG%2F%25C6%25C7%25B1%25B3%25C2%25DE%25B2%25D9%25B9%25CC%25BA%25BA%25C0%25BD2.jpg&type=b400
6,장어구이,N1,C5,"손질된 장어를 준비한다.
마늘과 생강은 편으로 저미고 가늘게 채 썬 다음 찬물에 헹궈서 물기를 제거한다.
간장에 양념 재료를 넣고 끓기 시작하면 약한 불로 줄여서 10분 동안 졸인다.
고추장에 나머지 재료를 섞어서 고추장 양념장을 만든다.
뜨겁게 달군 석쇠나 팬에 손질한 장어를 얹고 앞뒤로 애벌구이한다.
애벌구이한 장어에 간장 양념장, 고추장 양념장을 2회 정도 발라서 타지 않게 굽는다. 
소금구이는 소금 양념을 고루 뿌려서 굽는다.
구운 장어를 그릇에 담고 마늘채와 생강채를 곁들인다.
","민물장어
장어뼈
물엿
고추장
마늘
생강
대파
고춧가루
진간장
청주",https://search.pstatic.net/common/?src=http%3A%2F%2Fblogfiles.naver.net%2FMjAxNzA4MjFfMjg5%2FMDAxNTAzMjk5MTY3NDkz.Oxk1C4M2oEctMVwb5ruoMPvdxUkx_VJH0udabAAZn6Ag.o00U1JBN1uyYU3TyVdvLTM7X19tAIJxaXrMstCjiIPgg.JPEG.sakura9194%2F%25B0%25A1%25C6%25F7%25C0%25E5%25BE%25EE%25B1%25B8%25C0%25CC_%25BF%25B5%25B5%25B5%25C0%25E5%25BE%25EE%25B1%25B8%25C0%25CC%25C1%25FD%25BF%25A1%25BC%25AD_%25C8%25B8%25BD%25C4%25C7%25DF%25BE%25EE%25BF%25E4_%252814%2529.jpg&type=b400
7,전주비빔밥,N1,C1,"소고기를 곱게 다져 양념하여 중불에서 3분 동안 볶는다.
팬에 고추장, 물, 설탕, 물엿, 볶은 고기를 넣고 잘 저어 주면서 5분 정도 볶는다.
소스가 걸쭉해지면 꿀을 넣고 2분 정도 더 볶아 준다.
멥쌀은 깨끗이 씻어 물에 30분 정도 불려서 체에 밭쳐 10분 정도 물기를 뺀 다음 고슬고슬하게 밥을 짓는다.
고비는 깨끗이 손질하여 2cm 길이로 썰어 볶는다.
오이는 돌려 깎기 한 다음 채 썰고, 당근도 곱게 채 썰어 소금을 약간 넣고 기름에 살짝 볶는다.
소고기는 채 썰어 양념하여 기름에 볶아낸다.
건표고버섯은 따뜻한 물에 1시간 정도 불려 기둥을 떼고 곱게 채 썰어 기름에 살짝 볶는다.
콩나물은 머리와 꼬리를 떼고, 끓는 물에 살짝 데쳐 놓는다.
공기에 밥을 넣고 형태를 만든다.
밥 위에 호박, 당근, 표고, 오이, 소고기, 고비, 콩나물을 색을 맞추어 담는다.
기호에 따라 노른자만 생으로 올리거나 황백 지단을 얹는다.
","쌀
사골고은물
콩나물
소고기
청장
마늘
참기름
깨소금
잣가루
배콩나물
미나리
소금
고사리
표고버섯
무
도라지
애호박
오이
당근
황포묵
다시마튀각
달걀",https://search.pstatic.net/common/?src=http%3A%2F%2Fblogfiles.naver.net%2F20141013_295%2Fkommy306_14131644478902AgTc_JPEG%2F%25C7%25D1%25B1%25B9%25C1%25FD_%25C0%25FC%25C1%25D6%25BA%25F1%25BA%25F6%25B9%25E4_%25281%2529.jpg&type=b400
8,콩나물국밥,N1,C3,"콩나물은 깨끗이 씻어 다듬고, 배추김치는 속 양념을 털어내고 잘게 자른 후 청양고추와 대파를 송송 썬다.
오징어는 내장을 제거하고 깨끗이 씻은 후 냄비에 멸치다시마 육수를 넣고, 끓어오르면 오징어를 넣어 삶은 후 먹기 좋게 자른다.
오징어 삶은 육수에 콩나물을 넣어 3~5분 정도 끓이다가 건져낸다.
콩나물 삶은 육수에 국물양념 재료를 넣어 밑간을 한다.
그릇에 밥을 담고 삶은 콩나물을 올린 후 뜨거운 육수를 붓고 대파와 청양고추, 오징어, 김치, 고춧가루를 올린다.
기호에 따라 새우젓을 가감해서 간을 맞춰준다.","밥
콩나물
멸치
오징어
마늘
고춧가루
새우젓
김치
달걀
파
깨소금",https://search.pstatic.net/common/?src=http%3A%2F%2Fpost.phinf.naver.net%2FMjAxNzA4MTZfMTk0%2FMDAxNTAyODU5NjYwOTE2.W-L1tGeYqdTkCYhiPISQbS_CFjo7cxpOQDDgED8EFkcg.MaYTGkb24-3Xk6BdsIQNuYVIoqPDD3d1bvg_H6rxIQQg.JPEG%2FIQUQNLxPsIhOpubb99M4QX_xgw7U.jpg&type=b400
9,닭죽,N1,C1,"찹쌀은 충분히 불려둡니다 (2-3시간)
닭은 재료를 넣고 삶은 뒤 닭살만 발라서 마늘 한큰술과 미림2큰술 넣고 조물조물 무쳐둡니다.
냄비에 참기름 넣고 불린 찹쌀을 넣고 볶아줍니다. 맑은 닭 육수를 붓고 찹쌀이 퍼질때까지 저어주다 야채를 넣고 익혀준뒤 닭살을 넣고 마무리합니다.
각종채소는 잘게 깍둑썰어줍니다.
참기름 넣고 찹쌀을 볶다가 면보나 체에 닭기름을 거르고 맑은 육수만 넣어줍니다.
쌀이 퍼지면 야채를 넣고 익혀줍니다.
닭살을 넣고 몇분 저어주고 마무리합니다.","닭
맵쌀
당근
표고버섯
부추
파
마늘
소금 ",https://search.pstatic.net/common/?src=http%3A%2F%2Fblogfiles.naver.net%2F20120807_54%2Fyaggo_21_1344323331740mBtuk_JPEG%2F%25BB%25EF%25B0%25E8DS1.JPG&type=b400
10,김치국수,N1,C2,"김칫속을 살살 털어내고 쫑쫑 썬다.
파,마늘,설탕,간장을 넣고 양념이 배이도록 비벼준다.
찬물을 붓고 섞어준뒤,나머지 간을 소금으로 해주시고,식초를 넣고 훌훌 저어준다.
참기름 두바퀴 돌리고 깨소금 넉넉히 투하한다.
완성된 국물을 냉장고에 넣어두시고 소면국수를 끓여 찬물에 헹궈 건진뒤, 설탕,간장를 넣고 조물조물 면밑간을 한다.
준비된 건더기와 국물을 붓고 김을 얹으면 완성","마른 국수
배추김치
멸치
무
대파
다시마",https://recipe1.ezmember.co.kr/cache/recipe/2015/08/07/332e4291d0ada1f0d1384dd63f2837ec.jpg
11,비프치킨 퀘사디아,N6,C5,"야채와 살사 소스는 섞어놓는다
각종 조미료를 섞어 비프 혹은 닭가슴살에 양념하여 굽니다.
취향에 맞게 고기와 야채를 또띠아 사이에 올려놓는다
토핑위에 치즈를 듬뿍올려 반으로 접는다.
접은  또띠아를 프라이팬에 올려 치즈가 녹을때까지 노릇노릇하게 앞뒤로 굽는다.","치즈
또띠아
토마토 살사
나쵸
닭가슴살 슬라이스
우민찌
체다치즈 소스
구아까몰레
양파
할라페뇨
스위트콘
키드니빈스
다진마늘
청피망
홍피망
화이트와인
케이젼 스파이스
올리브오일
대두유
타코 스파이스
고수
",https://img.danawa.com/prod_img/500000/291/262/img/6262291_jpg?shrink=500:500&_v=20180629105043
12,로제우동,N6,C2,"우동사리를 삶아 놓고 체에 받쳐 준비한다.
마늘과 양파,피망을 슬라이스 해놓는다.
올리브유를 두른 팬에 마늘-양파-피망순으로 볶는다.
그위에 토마토 소스와 우동사리를 넣어 잘볶아둔뒤
.휘핑크림을 널고 기호에 맞게 소금후추로 간을한다.","우동사리1인분
양파
마늘
피망
토마토소스
휘핑크림
소금약간
후추",https://mblogthumb-phinf.pstatic.net/20150129_46/oz29oz_1422501017148L9qrr_JPEG/0.jpg?type=w2
13,스팸달걀 덮밥,N6,C1,"양파는 채썰고,스팸은 규브모양으로 썰어놓는다.
스팸을 후라이팬에 볶은뒤 따로 옮겨놓고 기름을 둘러 풀어놓은 계란을 볶아 스크램블로만든다.
양파를 볶다가 투명해지면 간장,미림,깨,설탕을넣고 볶는다. 
밥위에 달걀-양파-스팸순으로 올린후 마료네즈를 뿌린다.","스팸
양파
달걀
간장
미림
설탕
깨",https://mblogthumb-phinf.pstatic.net/MjAxOTAyMjdfNDUg/MDAxNTUxMjUzMTA0MzYtGfnLTCj6jRLVfovim-dtokA4QSPrOppUU6Go1BFLNIg.3_ApaGWS7xqPR7uwUmLXRYtpB9JVtOJF-9qyalmsvVEg.JPEG.osseosse/SE-c4c5a4ec-bd76-4ce2-a2ab-d5724fd123a9.jpg?type=w800
14,단호박그라탕,N6,C5,"단호박은 삶아놓고 양송이와 베이컨은 먹기좋게 손질해놓는다.
베이컨을 기름없이 노릇하게 볶다가 버섯을 넣고 크림을 넣어  소금후추 간을하고 끓여놓는다.
3삶아놓은 단호박을 큐브모양으로 썰어  크림에 섞고 5분정도 같이 끓인다.
그릇에 담아 치즈를 넉넉히 뿌려 오븐에 5분,혹은 전자렌지에 1분정도 돌린다.","단호박
베이컨
양송이버섯
크림
소금
후추
파마산치즈가루",https://cloudfront.haemukja.com/vh.php?url=https://d1hk7gw6lgygff.cloudfront.net/uploads/direction/image_file/55916/pad_thumb_0.JPG&convert=jpgmin&rt=600
15,명란비빔밥,N6,C1,"상추는 꺠끗히 씻어 먹기좋게 얇게 자르고 단무지는 다져서 준비한다. 명란은 껍질에서 알만긇어낸다.
분리한 명란은 마요네즈와 설탕을 넣어서 잘 섞어준다.
후리카케,간장,꺠소금,물,매실액,고춧가루를 넣어서 양념장을 만들어놓는다.
밥위에 참기름을 뿌리고 상추와 단무지를 올리고 그위에 명란과 소스,김을 올린다.
마무리로 계란노른자를 올린다.","쌀밥
상추
계란
구운김
명란젓갈
마요네즈
백설탕
후리카게
진간장
깨소금
물
매실농축액
고추가루
참기름",https://cloudfront.haemukja.com/vh.php?url=https://d1hk7gw6lgygff.cloudfront.net/uploads/direction/image_file/55248/pad_thumb______.png&convert=jpgmin&rt=600
16,콘치즈전,N6,C5,"양파를 다져 옥수수 캔과 섞어준다.
전분을 넣고 물을 조금씩 넣어가며 농도를 맞춰준다.
팬에 기름을 두르고 앞뒤로 노릇하게 구워준다.
접시에 담고 파마산 치즈가루와 마요네즈를 뿌려 완성한다.","옥수수콘
양파
전분
물
파마산치즈
마요네즈",https://imgdaumcdn.net/thumb/R720x0.q80/?scode=mtistory2&fname=http%3A%2F%2Fcfile2uf.tistory.com%2Fimage%2F2575753658F9D08105BAC4
17,스칼로피네 알 리모네,N6,C4,"닭가슴살을 얇게 저미듯이 썬 뒤 칼등으로 두드려준다.
손질한 닭가슴살을 소금 후추로 밑간하고 밀가루를 묻힌다.
 중불에 프라이팬을 올리고 올리브유, 버터를 넣고 예열한다.
 밀가루 묻힌 닭가슴살을 노릇하게 구워 접시에 덜어둔다
 닭가슴살 구웠던 팬에 올리브유를 추가로 두르고 채 썬 양파를 넣어 볶는다.
 화이트와인, 레몬즙, 닭가슴살을 넣고 졸인다.
로즈마리, 레몬슬라이스를 넣고 5분정도 졸인다","닭가슴살
양파
버터
밀가루
레몬
화이트와인
로즈마리
소금
후추
올리브오일",https://d1hk7gw6lgygff.cloudfront.net/uploads/recipe/main_image_file/5822/_______________________0jpg
18,부리또볼,N6,C5,"양파는 다져 찬물에 담가 아린맛을 제거라고 토마토도 잘게 다진다
다진고기는 기름을 두르고 달달 볶고 고기양념을 넣고 잘섞는다.
아보카드는 씨를 분리하고 양상추를 먹기좋게 잘라 차가운물에 담군다.
아보카도에 올리브유 레몬즙 파마산치즈를 넣고 잘 으꺠면서 섞어준다.
토마토와 양파는 따로 섞어 올리브유,소금후추,레몬즙을섞어놓는다.
밥위에 양상추-고기-양파토마토-옥수수-콰카몰리(아보카도) -부순 나쵸칩을 올린다.","쌀밥
돼지고기 다진 것
양파
토마토
나쵸칩
옥수수통조림
양상추
아보카도
올리브유
파마산치즈가루
레몬즙
소금
후추
백설탕
[고기양념]
우스타소스
토마토케찹
바베큐소스
올리고당
케이준파우더
다진마늘
올리고당
",https://encrypted-tbn0.gstatic.com/images?q=tbn%3AANd9GcQVecQHf-oiTYWRo0SJl1_YNI8nJXqRKPv9SQ&usqp=CAU
19,칵테일 소스와 새우구이,N6,C8,"케첩, 레몬주스, 화이트 와인, 우스터 소스, 타바스코 소스, 양파, 마늘을 섞어 칵테일 소스를 만든다.
손질한 새우에 소금, 후추 간을하고 프라이팬에 구워준다.
칵테일 소스와 새우를 함께 먹는다.","새우
케첩
레몬주스
화이트 와인
우스터 소스
타바스코 소스
다진",https://cloudfront.haemukja.com/vh.php?url=https://d1hk7gw6lgygff.cloudfront.net/uploads/direction/image_file/33541/org_resized_SHRIMP_COKTAIL_05_0000037319ms.jpg&convert=jpgmin&rt=600
20,토마토 에그 인 헬,N6,C5,"먼저 양파와 베이컨을 잘게 잘라 볶다가
노릇해지면 아주 매운 고추를 넣는다.
토마토는 윗쪽에 십자 칼집을 내 준 다음 껍질을 벗겨 과육 부분만 잘라준다.
베이컨과 고추를 볶아 맛있는 매운맛이 배어들면 다진토마토, 토마토페이스트1T,물4T를 모두 넣고
소금,후추,바질가루로 간을 맞춘다.
충분히 끓어 토마토의 깊은 맛이 배어나면,
달걀을 넣고 뚜껑을 덮어 5분간 중약불에 익혀준다.
","토마토
계란
소금
후추
바질가루
물",https://cloudfront.haemukja.com/vh.php?url=https://d1hk7gw6lgygff.cloudfront.net/uploads/direction/image_file/30191/org_resized_T9.JPG&convert=jpgmin&rt=600
21,건두부볶음,N2,C6,"1. 건두부를 썬다. (1-2인분 기준 A4용지 크기 정도의 건두부 2장 정도)
2. 썰어둔 건두부를 끓는 물에 1분 정도 살짝 데친다. 
3. 고추는 세로로 절반으로 잘라 안의 씨를 긁어내고 썬다. 
4. 달군 팬에 식용유를 넣고 팔각을 넣어 향을 낸다. 그 다음 썰은 고추를 넣고 강한 불에 빠르게 볶는다. 아작한 식감이 사라지기 전에 건두부를 넣고 펜넬 조금과 굴소스를 적당량(1-2인분이라면 한스푼 정도)넣고 잠깐 더 볶는다.
5.  치킨스톡(다시다 대체 가능)을 푼 물을 자박할 정도로 넣고 볶음 전체에 골고루 입힌다는 느낌으로 조금만 더 볶는다.
6. 마무리로 후추를 적당량 뿌린다. 취향에 따라 팔각과 펜넬 대신 마늘을 쓰고 후추와 굴소스를 조금 더 넣어 조리한다.","건두부
고추
청양고추
식용유
치킨 스톡
굴소스
후추
팔각
펜넬",https://mblogthumb-phinf.pstatic.net/MjAxNzA5MjlfOCAg/MDAxNTA2NjQ5NDQ1NTUz.q7WfmSOGx5M9CArVY2HPivguilbEBqUfhEDFMAHD5TAg.hRWqpCkwhwCuDPc1-Hnq5T-catTlhV6Swo1PGf6RMaIg.JPEG.graceus/IMG_0549.JPG?type=w800
22,경장육사,N2,C6,"1. 돼지고기를 곱게 채 썰어 간장 ½작은술, 청주, 후추로 밑간한 다음 달걀흰자와 녹말을 각 1큰술씩을 넣고 잘 버무린다.(춘장은 설탕을 넣고 잠길 정도의 식용유를 붓고 거품이 날 때까지 충분히 볶아야 떫지 않고 부드럽다.)
2. 프라이팬에 돼지고기가 잠길 정도의 식용유를 넉넉히 붓고 약불에서 가닥가닥 떨어지게 익혀낸다.(춘장과 굴소스가 매우 짜므로 돼지고기 밑간 할 때 간이 세지 않도록 주의한다.)
3. 대파를 토막내어 심은 빼고 곱게 채 썬 다음 찬물에 담가 매운맛을 뺀 후 체망에 받쳐 물기를 없앤다.(밑간한 돼지고기는 식용유를 넉넉히 붓고 낮은 온도에서 익혀내어야 서로 붙거나 오그라들지 않고 부드러워진다.)
4. 죽순은 끓는 물에 데친 다음  채썰고 대파, 생강, 마늘도 곱게 채 썬다.
5. 춘장은 식용유를 잠길 만큼 넉넉히 붓고 설탕 1큰술을 넣은 다음 충분히 볶아 둔다.
6. 팬을 달구어 뜨거워지면 식용유를 두르고 생강채, 마늘채, 파채를 넣고 볶다가 간장과 청주를 넣어 향을 낸 후 익혀 놓은 돼지고기를 넣고 한 번 더 볶는다.
7. 6에 죽순을 넣고 볶다가 볶은 춘장(1큰술)과 굴소스(1큰술), 육수(물)를 붓고 끓으면 물녹말(물:녹말 = 1:1) 1큰술을 넣어 걸쭉하게 농도를 맞춘 다음 참기름을 친다.
8. 접시에 파채를 고루 펴 담고 그 위에 볶은 고기를 얹어 낸다.","돼지등심살
춘장
죽순통조림
대파
달걀
식용유
설탕
굴소스
청주 
진간장
녹말가루
참기름
깐마늘
생강",https://mblogthumb-phinf.pstatic.net/MjAxNzA5MjlfOCAg/MDAxNTA2NjQ5NDQ1NTUz.q7WfmSOGx5M9CArVY2HPivguilbEBqUfhEDFMAHD5TAg.hRWqpCkwhwCuDPc1-Hnq5T-catTlhV6Swo1PGf6RMaIg.JPEG.graceus/IMG_0549.JPG?type=w800
23,고추잡채&꽃빵,N2,C6,"1. 설탕, 참기름, 후추, 간장, 다진마늘, 청주를 넣고 돼지고기 밑간을 한다.
2. 양파 반개, 홍파프리카 반개, 청피망 작은거로 한개 준비해서 길이감 맞춰서 채썰어주고, 표고버섯 밑간을 해준다. (간장, 다진마늘, 설탕)
3. 고기부터 볶아줄건데 볶기 바로 직전에 녹말or전분을 넣고 잘 섞어 고추기름에 볶아준다.
4. 썰어둔 채소와 밑간해둔 표고버섯까지 넣어준 뒤 간장, 굴소스, 설탕을 넣고 센불에서 볶는다.
5. 숨이 살짝 죽고 고루 볶아졌다면 불을 끄고 참기름 넣어 잘 섞어준다.","잡채용 돼지고기
설탕
참기름
후추
간장
다진마늘
청주
녹말or전분가루
양파
홍파프리카
청피망
표고버섯
고추기름
굴소스",https://image.librewiki.net/f/f2/%EA%B2%BD%EC%9E%A5%EC%9C%A1%EC%82%AC.jpg
24,궁보기정,N2,C6,"1. 요리하기 2시간 전에 감자전분 50g을 찬물에 담가 가라앉혀 맑은 윗물은 버리고 앙금은 물전분을 만든다.
2. 닭고기살은 가로·세로 1cm씩 자른 다음 닭고기살은 1의 물전분과 달걀로 얇게 반죽해서 살짝 볶아낸다.
3. 셀러리, 마른 붉은고추와 붉은고추를 어슷썬다.
4. 대파는 4∼5cm 길이로 채썰고 마늘은 편으로, 생강은 다진다.
5. 땅콩은 껍질을 벗긴다. 
6. 프라이팬에 고추기름을 두르고 마른 붉은 고추를 볶다가 4를 넣는다.
7. 간장을 넣은 뒤 붉은고추, 셀러리를 넣어 볶다가 청주, 물을 넣고 굴소스와 설탕, 후추를 넣는다.
8. 볶아놓은 닭고기와 땅콩을 넣고 물전분을 풀어 농도를 걸쭉하게 만든 다음 참기름을 넣는다. ","닭고기살
셀러리
홍고추
땅콩
대파
마늘
마른 홍고추
고추기름
간장
청주
굴소스
설탕
참기름
후추
감자전분/전분
생강
식용유
달걀
감자전분
밀가루",https://encrypted-tbn0.gstatic.com/images?q=tbn%3AANd9GcR_BjRhwS7josIbbvgDhlL2g_L2eUJSF3W7aQ&usqp=CAU
25,기스면,N2,C2,"1. 냄비에 닭다리·대파·생강·맛술·물을 넣고 센불에서 끓인다. 끓으면 중간 불로 낮추어 1시간 이상 끓여 육수를 낸다.
2. 국물이 우러나면 살을 건져 결대로 잘게 찢어서 소금과 후추로 양념한다. 
3. 국물의 기름을 말끔히 걷어내고 체에 거른다.
4. 당근은 채로 썰고, 부추는 4cm 길이로자른다.
5. 소면을 삶는다.
6. 냄비에 닭육수를 넣고 끓으면 당근과 부추를 넣고, 간장·후춧가루·소금으로 간을 맞춘다.
7. 삶은 소면에 우려낸 육수를 부은 다음, 찢은 닭살을 얹어서 낸다. ","닭고기
파
생강
맛술
소면
당근
부추
소금
후추",https://w.namu.la/s/6e3e63b799b9d79e6433a5167811d0f5497f285f18d5cddf918ee9fa6572968847d3adb317f014516ec3e32709c3145adc9340072bb87b5e735afed627f82dbef9390ecffb915767fc8fec19b139a38933dcade99489519df68aede4ea2aadb9416f46dc12457f50dd75a41b1e0df790
26,깐풍기,N2,C7,"1. 닭다리살을 물에 깨끗하게 씻은 후 껍질과 기름기를 제거해 손질해준다.
2. 닭고기에 청주 1큰술, 소금, 후추 적당랼을 뿌려 밑간을 해준다.
3. 밑간한 닭고기에 계란 1개, 전분 2큰술, 찹쌀가루 2큰술을 넣어서 버무려준다
4. 대파와 마늘은 잘게 다져주고, 피망은 씨를 제거한다음 채썰어 곱게 다져준다.
5. 물 2큰술, 진간장 2큰술, 올리고당 2큰술, 식초 1큰술, 청주 2큰술, 후추를 섞어 소스를 만든다
6. 퇴김용기름 2컵을 붓고 센불에서 끓여주다가 기포가 생기기 시작하면 중불로 줄여서 닭을 넣고 색깔이 미색이 되도록 초벌로 튀겨준다.
7. 초벌튀김이 끝나면 기름 온도를 높여준 후 센불에서 색깔이 노릇노릇 해지도록 튀긴다. 
8. 다져둔 채소와 소스를 식물성기름과 함께 볶아준다.
9. 소스가 끓으면 튀겨놓은 닭을 볶아준다.","닭다리살
청피망, 홍피망
대파
마늘
계란
고구마전분
찹쌀가루
생강가루
소금
후추
청주
식물성기름
튀김용기름
진간장
식초
올리고당",https://recipe1.ezmember.co.kr/cache/recipe/2015/06/15/5a4284868f1c8ecb623c8881e91c0c431_f.jpg
27,깐풍새우,N2,C7,"1. 냉동새우는 물에 담가 자연해동 시킨다.
2. 새우 꼬리에 붙어있는 물주머니를 제거한 후 등에 칼집을 내서 물기를 제거한다.
3. 감자전분 3스푼, 물을 조금 넣어 섞은 후 물과 전분이 분리될 때 까지 기다린다.
4. 가라앉은 전분반죽을 숟가락으로 떠서 새우에 넣고 반죽옷을 입혀준다.
5. 냄비에 식용유를 넣고 달군 후, 반죽옷을 입힌 새우를 튀긴다.
6. 양파, 당근, 고추, 대파를 잘게 다지고, 사천고추는 잘게 뜯는다.
7. 진간장 2스푼, 설탕 1스푼, 식초 2스푼, 굴소스 1스푼, 물 5스푼을 넣어 양념을 만든다.
8. 식용유와 다진 대파, 사천고추를 넣어 파기름을 내며 볶는다.
9. 다진 양파, 당근, 고추를 넣어 볶다가 만들어둔 양념을 넣어 걸쭉해질때 까지 끓인다.
10. 튀긴 새우에 양념을 올려 버무려준다.","새우
감자전분
양파
당근
고추
대파
사천고추
식용유
진간장
설탕
식초
굴소스",https://homecuisine.co.kr/files/attach/images/142/423/002/99b983892094b5c6d2fc3736e15da7d1.JPG
28,깐풍육,N2,C7,"1. 돼지고기는 먹기 좋은 크기로 길게 썰어낸다.
2. 소금, 후춧가루, 청주로 밑간을 한다.
3. 달걀 흰자와 밀가루, 전분을 섞어 반죽을 만든다.
4. 밑간한 돼지고기에 반죽을 묻혀 기름에 바삭하게 튀겨낸다.
5. 양파, 피망, 파, 마늘, 생강, 고추는 굵게 다져 놓는다.
6. 녹말가루에 물을 풀어 전분 물을 만들어 놓는다.
7. 기름을 두른 팬이 달궈지면 파, 마늘, 양파, 생강, 피망 고추를 넣어 볶다가 청주를 넣는다.
8. 여기에 두반장과 토마토 케첩을 넣어 맛을 내고 전분물을 부어 농도를 걸쭉하게 맞춘 뒤 한소끔 끓여준다.
9. 완성된 소스에 튀긴 돼지고기를 넣고 재빨리 볶는다
","돼지고기
전분
밀가루
마늘
피망
고추
두반장
케찹",https://recipe1.ezmember.co.kr/cache/recipe/2015/05/18/5d098e6a6ec63fc2b163082eb1a389921.jpg
29,꿔바로우,N2,C7,"1. 돼지 등심을 소금과 후추로 밑간을 한다.
2. 감자 전분과 물을 섞어 만든 물전분에 돼지고기를 버무린다. 이때 채썬 생강과 다진 마늘을 넣고 같이 비빈다.
3. 팬에 기름을 넉넉히 붓고 기름 온도가 약 180℃ 정도까지 끓어 올랐을 때 돼지고기를 넣고 튀긴다.
4. 튀김옷이 형태를 잡으면 건져서 채에 받치고, 기름 온도가 더 올라갈 때까지 끓이다가 고기를 다시 한 번 튀겨준다.
5. 소스는 설탕과 식초를 동량으로 넣고, 간장과 참기름을 추가하여 만들어 둔다.
6. 팬에 마늘, 생강을 넣어 향을 낸 후, 소스가 고기에 잘 배도록 빠르게 볶아서 접시에 담아낸다. ","돼지등심
소금
후추
감자전분
생강
마늘
기름
설탕
식초
간장
참기름",https://img1.daumcdn.net/thumb/R800x0/?scode=mtistory2&fname=https%3A%2F%2Ft1.daumcdn.net%2Fcfile%2Ftistory%2F03040C3350B2D44505
30,난자완스,N2,C7,"1. 양파와 표고버섯은 굵게 채썰고 양송이버섯와 청경채, 마른고추는 먹기 좋게 잘라준다. 대파는 4센치 길이로 썰고, 마늘은 편으로 썬다.
2. 팬에 기름을 자작할 정도로 넣고, 온도가 오르면 완자를 넣어 노릇하게 튀겨주세요. 튀긴 완자를 키친타월에 올려 기름기를 뺀다.
3. 팬에 기름을 두르고 마늘과 대파, 양파, 마른고추를 넣고 볶다가 야채향이 올라오면 양념재료를 넣어 볶은 후 표고버섯과 양송이버섯을 넣어 볶는다.
4. 따뜻한 다시마육수를 넣고, 끓으면 물전분 재료를 넣어 농도를 걸죽하게 맞춘 후 튀긴 완자와 청경채를 넣어 소스와 어우러지게 섞어준다.
5. 마지막에 참기름을 넣고 불을 끈다.","완자(혹은 동그랑땡) 12개
청경채
양파
양송이버섯
표고버섯
대파
마늘
마른고추
참기름
다시마육수
간장
맛술
굴소스
설탕
생강가루
후추
전분가루",https://encrypted-tbn0.gstatic.com/images?q=tbn%3AANd9GcSYTTi3qT8S-tmnHLW84g7OMX312MsFS2AilA&usqp=CAU
31,버팔로윙,N4,C5,"1.닭날개는 깨끗이 씻어서 맛술과 소금 후추를 뿌려서 잡내를 제거하고 간을 해주세요
2.준비한 소스 재료를 섞어주는데, 미리 크림치즈를 잘 풀어서 섞어주시면 좋습니다 :)
3.샐러리는 잘 씻어서 잘라주세요!
4.그리고 팬에 기름을 두르고 닭날개를 튀기듯이 구워주세요!
5.그리고 버터를 녹인 다음 핫소스와 케첩을 넣어서 잘 섞어주세요
6.그런 다음 소스에 튀긴 닭고기를 버무리고 소스와 샐러리를 함께 곁들이면 완성입니다!
7.완성","닭날개400 g
셀러리2 대
미림2 큰술
소금약간
후추약간
[소스]
핫소스4 큰술
버터4 큰술
토마토케찹1 큰술
[크림치즈소스]
크림치즈2 큰술
플레인요거트2 큰술
마요네즈2 큰술
소금약간",https://homecuisine.co.kr/files/attach/images/142/230/002/347f1610e4c01d5e167e32a9aba92436.JPG
32,찹스테이크,N4,C5,"바베큐하고 남은 채소를 활용하세요!
앨샘은 양파와 피망, 당근, 브로콜리를 준비했어요.
쇠고기는 구우면 살짝 줄어드니깐 한입 크기보다는 큼직하게 썰어요.
팬을 센 불로 달군 뒤 쇠고기부터 올려서 굴려가면서 겉을 익히구요~
소금(약간), 후춧가루(약간)를 뿌려 밑간해요~
고기의 겉이 익으면 식용유(1큰술)를 두른 뒤 채소를 넣고 섞어가면서 볶아요!
채소가 투명해지기 시작하면 잠깐 건져두고, 같은 팬에 소스를 넣고 중간 불에서 바글바글 끓여요
*소스 : 발사믹식초(2큰술), 스테이크소스(3큰술), 맛술(1큰술), 물엿(1큰술), 후추(약간)
소스가 바글바글 끓으면 건져둔 채소쇠고기를 넣고 고루 간이 배도록 조리듯 볶아 마무리해요~","쇠고기150g
양파1/2개
피망1/2개
당근1/8개
브로콜리1줌
발사믹식초2큰술
스테이크소스3큰술
맛술1큰술
물엿1큰술
후추약간
",https://recipe1.ezmember.co.kr/cache/recipe/2018/02/01/3105daad242f65e9b72f0c458751d3711.jpg
33,호두파이,N4,C10,"1. 블랜더에 박력분, 차가운 버터를 넣어 포슬포슬하게 섞이도록 돌린다.
2. 1에 달걀, 설탕, 소금을 넣고 덩어리가 지도록 돌린다.
3. 2의 반죽을 위생봉지에 넣은 후 모양을 잡고 냉장고에 약 30분간 넣는다
4. 볼에 달걀과 황설탕, 물엿, 녹인버터, 시나몬파우더를 섞어 필링을 만든다.
5. 3의 휴지시킨 반죽을 2~3mm로 밀어 핀 후 타르트틀에 붙이고 바닥은 포크로 구멍을 낸다. Tip. 구워지며 바닥이 부풀어 오르는 것을 방지하기 위해 구멍을 뚫는다.
6. 5의 타르트에 호두를 채우고 4의 필링을 80%정도 채운다.
7. 180도 오븐에 약 30분간 굽는다.","박력분180g
버터120g
달걀1개
황설탕30g
소금1/2작은술
덧밀가루약간
호두120g
달걀2개
황설탕60g
물엿100g
녹인버터30g
시나몬파우더1작은술",https://storage.wcuisine.net/image/production/service/image/recipe/152/ca0452b9-fd85-4081-9bdb-5a7bf3f005f7.jpg
34,알리오올리오,N4,C2,"중간에 심이 씹힐정도는 7분
모두 익은 정도는 9분
마늘, 양파, 베이컨를 올리브오일에 볶아줍니다.
(갈색이 올라올떄까지)
면과 재료를 함께 볶으면서 페페론치노와 파마산치즈를 넣어줍니다
마무리로 파슬리","파스타면
양파
마늘
후추
파슬리
파마산치즈
소금
페페론치노
베이컨
올리브오일",https://recipe1.ezmember.co.kr/cache/recipe/2018/03/28/ce96aacc9d94030aa4f935b9dd6a4f071.jpg
35,연어스테이크,N4,C5,"로메인 레터스와 토마토, 파프리카, 적양파를 먹기 좋은 크기로 잘라 준비한다.
드레싱 재료를 다 더한 뒤 위스크 등으로 잘 섞는다. 소금 후추 간을 해 마무리한다.
올리브 오일 1/2컵 (*8 테이블스푼) + 레몬즙 1/4컵 (4 테이블스푼)
 + 다진 마늘 2 티스푼,디존 머스터드 1 테이블스푼 + 꿀 1 티스푼 
+ 드라이 바질 1 티스푼 + 드라이 오레가노 1 티스푼 + 소금 후추 간
연여 필레는 굽기 30분 전에 냉장고에서 미리 꺼내 상온 온도로 맞춰둔다.
양면에 소금 후추 간을 한 뒤 오일을 두르고 중불로 가열한 팬에 올려 굽는다.
한 면당 3-4분 정도 (영상처럼 두껍게 슬라이스 한 경우 2-3분 정도)
구운 뒤 식힘망에 올려 한 김 식힌다.
로메인과 나머지 재료를 샐러드 볼에 담은 뒤 연어를 올린다.
먹기 좋은 크기로 자른 아보카도와 페타 치즈를 더한 뒤 드레싱을 곁들여 완성한다.레몬 제스트와 셀러리 새싹, 다진 파슬리 등의 가니쉬를 더해도 좋다.","연어
로메인
토마토
파프리카
적양파
아보카도
페타치즈
올리브오일
레몬즙
다진마늘
디존 머스터드
꿀
드라이 바질
드라이 오레가노
소금
후추
레몬 제스트
셀러리 새싹
다진 파슬리",https://recipe1.ezmember.co.kr/cache/recipe/2015/04/09/8420790d8056554d2b1db7b2cfa35a4d1.jpg
36,펜네맥앤치즈,N4,C6,"끓는물에 소금을 2꼬집정도 넣고 펜네를 10분정도 삶아주세요.
팬에 우유를 끓이다가 치즈를 넣고 농도를 만들어 준 후
준비된 재료들을 넣고 버무리다가 소금과 후추로 간을해주면 완성!","팬네
치즈
옥수수콘
스팸
우유
소금
후추",https://lh3.googleusercontent.com/proxy/0s-ruvQ5uNzYA0xPkMrDh0-gwyE3VG1gCGQbHMLX1eq2LZRnHBdwzGI1V0Mgu6YfIFNvtWOKygY3b1hIfi2gcHisO3q3tvdVVYJA4mnCMjVeaD3eVQMZCvNLWtw58LksKmwBQr6BD3mbsVOZrcPh5pMS9GVHOplEgRzjOm7LfA
37,라따뚜이,N4,C4,"애호박, 가지, 토마토는 동그랗게 슬라이스 해준다.
팬에 토마토소스를 자작하게 깔아주고 재료들을 차곡차곡 쌓은 후
올리브오일, 파슬리, 파마산치즈를 뿌리고 종이 호일로 덮어
180도 오븐에 20분 구워준다.
종이 호일을 제거하고 5~10분 정도 더 구워 완성","애호박
가지
토마토
토마토
파슬리
파마산치즈가루
올리브오일",https://i.pinimg.com/originals/ca/a2/c4/caa2c4aa5618cdc4eb7cde7ea1b12153.jpg
38,단호박스프,N4,C4,"단호박은 껍질과 씨를 제거한 뒤 적당한 크기로 자른다.
샐러리, 당근, 양파, 샬롯은 잘게 다진다
기름을 두른 냄비에 샐러리, 당근, 양파, 샬롯을 넣고,
중약 불에서 향이 올라올 때까지 5-10분 정도 볶는다.
호박을 더해 잘 섞은 뒤 소금 간을 한 후
야채가 살짝 부드러워질 때까지, *색이 나지 않도록 볶는다
야채 육수를 더한 뒤 향신료 (통후추, 타임, 팔각, 클로브)를 더하고 강불로 불을 높인다.
끓어오르면 불을 약불로 낮추고 호박이 완전히 익을 때까지 보글보글 끓인다.
야채가 다 익으면 불을 끈 뒤 우유를 더한다. 블렌더로 곱게 갈아낸 뒤
소금 후추 간을 한다. 우유와 메이플 시럽을 추가해 농도와 단맛을 조절한다.
코코넛밀크, 피칸, 호박씨, 구운 사과 등을 곁들여 완성한다.","단호박
샐러리
당근
양파
샬롯
야채육수(혹은 물)1/2컵
우유1/2컵
메이플시럽(꿀)1작은술
통후추약간
타임약간
클로브
월계수잎
시나몬스틱",https://recipe1.ezmember.co.kr/cache/recipe/2018/04/16/28bcbc358eaa84bf1e7e719d4b80c4781.jpg
39,샐러드파스타,N4,C8,"삶은 메추리알, 올리브, 방울토마토, 베이컨을 썰어서 준비해주세요.
베이컨은 후라이팬에 한번 볶아주세요.
이제소스를 만들어 볼께요. 진간장 3큰술+설탕
2큰술+발사믹식초 2큰술+레몬즙 2큰술+다진마늘 1큰술+올리브유 2큰술
스파게티면을 삶아 주세요. 다 삶아진 면은 찬물에 헹궈주세요.
면을 그릇에 담고 준비한 재료들을 예쁘게 담아주세요. 소스도 부어주세요.
마무리로 파마산치츠를 올려주세요.","스파게티면80g
새싹채소50g
베이컨3
옥수수통조림50g
메추리알5
진간장3
설탕2
발사믹식초2
레몬즙2
다진마늘1
올리브유2",https://img1.daumcdn.net/thumb/R800x0/?scode=mtistory2&fname=https%3A%2F%2Ft1.daumcdn.net%2Fcfile%2Ftistory%2F2549774D54F276BA34
40,파르페,N4,C10,"전 날 밤 미리 얼려둔 파스퇴르 우유 얼음을 빙수기에 넣고 갈아준다
다른 우유를 사용해도 상관없지만, 파스퇴르 우유는 얼렸을 때
얼음 색이 변하지 않고 우유 맛이 그대로 남아 있어서 더 좋았다.
그 위에 커피 우유를 졸졸졸 따라 넣어준다.
우유와 샷을 섞어 넣어주면 더 홈카페스럽다.그 위에 휘핑크림을 멋지게 올려준 후,
초코시럽과 초콜릿, 스프링클, 각종 토핑으로 마무리 해주면 끝 !","아이스크림1개~2개
에스프레소 샷 (혹은 커피우유)1샷(취향껏)
우유얼음6~8개
휘핑크림취향껏
초콜렛취향껏
각종 토핑취향껏",https://recipe1.ezmember.co.kr/cache/recipe/2016/01/25/5a0395b3c7a80ab83c087964ce13266d1.jpg
41,라자냐,N4,C5,"냉동실에 있던 고기를 이용해 다져서 소금 후추 간장 미림 설탕넣고 볶아줍니다
팬에 올리브유 두르고 다진 양파를 물기없이 볶습니다
토마토는 끓는 물에 살짝 데쳐 찬물에 담궜다 껍질벗겨 잘게 다져 올리브유에
물기없이 볶아 졸여 줍니다 ( 기호에 맞게 소금 후추 향신료 첨가 )
시중에 파는 파스타소스는 인공적인 맛이 강해 가벼운 맛을 내기 위해
생토마토를 사용했어요
한꺼번에 볶으면 번거로움은 줄지만 재료 각각의 맛이 없어지므로
다진 재료들을 하나씩 각각 볶았습니다 중요한것은 물기없이 볶아야합니다
라자니아 파스타면은 끓는 물에 소금과 올리브유 넣고 8~10분정도 삶아
서로 붙지않게 찬물에 담근 후 물기를 제거합니다
담백한 맛을 내는 베사멜 소스를 만드는데 냄비에 버터를 녹여 밀가루 넣고 충분히 볶습니다
우유를 조금씩 넣어가며 타지않게 저으면서 농도를 마추고 소금과 후추로 간 합니다
트레이에 올리브유를 바르고
바닥에 라자냐 피를 깔고 내입맛에 맞게 좋아하는 만큼 소고기 토마토를 층층이 얹습니다
베사멜 소스와 치즈도 얹고 파스타면도 1장씩 ~위의 과정을 반복합니다
마지막에 모짜렐라치즈를 듬뿍 뿌려 200도 예열한 오븐에 15분 구워 파슬리 뿌려 주면 완성","체다치즈 3장
모짜렐라치즈 1컵
소고기 200g
양파 1개
토마토 4개
라자냐 4장 
소금 약간
후추 약간
올리브오일 적당량
버터 2스푼
밀가루 2스푼
우유 2컵",https://t1.daumcdn.net/liveboard/dailylife/f3a85820b2e44ee9806b9e519b7d24aa.jpg
42,"짜조
(베트남 만두)",N7,C7,"다진 돼지고기, 다진 표고버섯, 다진 부추 
그리고 기호에 따라 다진 청양고추를 살짝
넣고 그리고 소금, 후추 간을 해주세요.

모든 재료들은 오일을 살짝 두른 팬에 
넣어준 다음 볶아줘! 그래야 나중에 
만두를 구웠을 때 조리시간이 줄어든다구~

라이스 페이퍼는 물에 살짝 적신 뒤
만두 소를 넣어주고(많이 넣어야 
맛있지만 적당히 넣어야 말 때 안터진다!
(나는 아빠 숟가락으로 두 스푼 추천!)

그다음 돌돌 말아줘 야무지게~

기름을 넉넉하게 두른 후 튀기듯 
지져줘 그래야 맛있는거 알지?

걷은 바삭하고 속은 촉촉한 짜조 완성! 
이제 베트남 식당에서처럼 한두개 감질맛나게
 먹을 필요 없고 집에서 만들어서 먹어요~

","재료리스트
2인 기준
라이스 페이퍼10
표고버섯2개
다진돼지고기100g
후추약간
소금약간
부추한줌
다진청양고추약간",http://blogfiles.naver.net/20140225_238/zulyzn35_1393255673108fLftA_JPEG/20140225_002732.jpg
43,인도 치킨커리,N7,C3,"[닭 숙성시키기]

손질된 닭에 그릭 요거트 250ml, 고춧가루 3스푼,
강황 가루 3스푼을 넣어 골고루 섞는다.

1에 라임 1/2개를 손으로 짜 넣은 뒤 재워 둔다.
TIP) 최소 1시간에서 1일 정도 숙성시키면 좋아요!

[커리 소스 만들기]

팬을 강불로 달궈 올리브유 5 큰술을 두른 뒤,
양파 2개를 다져 넣고 달달 볶는다.

불을 약불로 줄인 후 다진 마늘 1 큰술, 다진 생강 1큰술을 넣어
양파가 갈색을 띨 때까지 볶아준다.

2에 강황 가루, 고춧가루를 각 2큰술씩 넣는다.

이어서 토마토 2개를 다져 넣고, 큐민 가루를 1 작은술 넣은 뒤
토마토를 으깨어가며 볶아준다.
TIP) 큐민 가루는 너무 많이 넣으면 향이 강할 수 있어요!

토마토가 잘 풀어지면 그릭 요거트 250ml, 생크림 200mL를 넣어 끓인다.

[치킨 커리 완성하기]

커리를 5분 정도 끓인 후, 표면에 기름이 올라오면 
재워둔 닭고기를 넣는다.

불을 중불로 올린 후 남은 라임 1/2개를 짜 넣고, 
청양고추 3개를 송송 썰어 넣는다.

뚜껑을 닫고 15~20분 정도 중약불로 익혀주면 완성!
","재료리스트
4인 기준
닭1마리
강황가루3큰술
고춧가루3큰술
무설탕 그릭 요거트 1통500g
양파2개
토마토2개
청양고추3개
올리브유5큰술
다진 마늘1큰술
다진 생강1큰술
강황 가루2큰술
고춧가루2큰술
큐민 가루7.5g
생크림200ml
라임1개",http://blogfiles.naver.net/20140428_157/ginger907_1398646450406Tw5ze_JPEG/P1370565.jpg
44,베트남반쎄오,N7,C7,"느억맘 소스 재료(액젓, 설탕, 식초, 레몬즙, 다진 마늘, 홍고추, 부추)를 넣어 섞는다.

소고기는 간장, 설탕, 다진 마늘, 참기름, 후추를 넣고 버무려 준비한다.

팬에 식용유를 두르고 새우를 볶다가 굴소스를 넣어 마저 볶은 후 덜어둔다.

3의 새우를 볶던 팬에 채 썬 양파, 숙주, 부추를 각각 굴소스를 넣어 볶는다.
TIP) 새우를 볶은 팬에 채소를 볶아주면 새우의 풍미가 채소에 베어든다.
TIP) 채소는 숨이 살짝 죽을 정도로만 볶아서 빼놓아야 한다.

2의 양념한 소고기도 볶아 준비한다.

볼에 반쎄오 가루 1컵과 강황가루 1/4작은술을 넣고 잘 섞은 뒤
물 1컵을 넣어가며 농도를 맞춘다. TIP) 생크림 보다 묽은 정도가 좋다.

프라이팬에 식용유를 두르고 충분히 달군 뒤 반죽을 얆게 붓고,
뒤집지 않으면서 중불에 오래 튀기듯 익힌다.
TIP) 앞 뒤로 두번 구우면 반죽이 질겨질 수 있다.

반죽이 노릇노릇하게 익으면 반죽의 반쪽에 볶아둔 채소와 소고기, 
새우, 녹두를 올리고 반으로 접어 완성한다.
TIP) 반쎄오와 쌈채소, 파인애플을 곁들어 먹어도 좋다.

","재료리스트
2인 기준
반쎄오가루2컵
물1.5컵
소고기목심100g
부추30g
숙주70g
삶은녹두10g
간장1.5작은술
설탕1작은술
다진마늘1큰술
참기름약간
후추약간
양파1/4개
탈각새우10마리
굴소스2작은술
식용유약간
멸치액젓2큰술
설탕2큰술
식초1큰술
물8큰술
라임1/4개
다진마늘1작은술
홍고추1개
부추3대",https://dbscthumb-phinf.pstatic.net/2888_000_1/20141001103235242_RFTRRLH74.jpg/fb39_87_i1.jpg?type=w575_fst&wm=N
45,분짜,N7,C3,"소스를 끓여 준비한다.

쌀국수면은 물에 불려 준비한다.

다진 돼지고기에 양념을 하고, 모양을 만들어 준비한다.

석쇠에 돼지고기를 굽는다. -> 석쇠가 없다면 프라이팬에 굽다 토치로 불맛을 내준다.

불린 쌀국수를 끓는 물에 살짝 익혀준다.

고기에 소스를 붓고 샐러드믹스, 민트, 쌀국수와 함께 완성한다.","재료리스트
2인분인 기준
다진돼지고기600g
쌀국수면2인분
간장6큰술
설탕3큰술
다진파1큰술
다진마늘1큰술
후추약간
샐러드믹스2줌
민트1줌
설탕1/2컵
피쉬소스1/4컵(대형마트에서구매가능)
식초1/4컵
당근약간",https://dthumb-phinf.pstatic.net/?src=%22https%3A%2F%2Fdbscthumb-phinf.pstatic.net%2F5460_000_2%2F20181205010005167_H9A5L96ZH.jpg%2F6c59105b-1ea9-4e.jpg%3Ftype%3Dw690_fst_n%26wm%3DY%22&twidth=530&theight=530&opts=17
46,나시고랭볶음밥,N7,C1,"간장, 굴소스, 맛술, 설탕, 후추를 넣고 양념장을 만든다

식용유를 두른 팬에 건고추와 다진마늘은 넣고 볶은 뒤 
칵테일 새우, 완두콩, 통조림 옥수수를 넣고 볶는다.

밥 한공기를 넣고 만들어놓은 양념장과 숙주 한줌을 넣고 함께 볶는다.

볶은 밥은 팬 한켠으로 밀어두고 달걀을 풀어 스크램블을 만든 뒤 밥과 함께 섞는다.

그릇에 담아 쪽파를 올리면 완성","재료리스트
1인 기준
간장1큰술
굴소스1큰술
맛술2큰술
설탕1/2작은술
후추1꼬집
식용유1큰술
건고추2개
다진마늘1/2큰술
칵테일새우1/2컵
옥수수2큰술
완두콩2큰술
숙주1줌
계란2개
쪽파1개
밥1공기",http://blogfiles.naver.net/MjAxODAzMTlfNzYg/MDAxNTIxNDU0MjQyMDkz.8bTIdKiH5SB4_qLJEtvGnKgrRTn0t5IAV7k9lJ8SKVwg.maG8vfxGuj00H_NDQmS9fdU_DdOjM4CRI2F_FxgU2gsg.JPEG.heeju001/%B3%AA%BD%C3%B0%ED%B7%A9.JPG
47,팟타이,N7,C2,"쌀국수는 미리 물에 넣어 준비한다.

팬에 식용유를 두르고 다진 마늘 1작은술, 
다진 파 2큰술을 넣고 파기름을 만들어준다.

다진 돼지고기 1/2컵을 넣고 어느 정도 익으면 
칵테일 새우 7마리와 건 새우 1큰 술을 넣고 볶아준다.

볶고 있는 것들을 한쪽으로 몰아주고 다른 쪽에 
기름을 두른 후 계란을 스크램블 해준다.

어느 정도 익으면 같이 섞어주고, 청양고추 1/2개, 홍고추 1/2개, 
물 4큰 술, 멸치액젓 1큰 술, 굴 소스 1큰 술, 설탕 1큰 술, 쌀국수를 넣고 볶아준다.

숙주 1/2컵을 넣고 2~3분간 같이 볶아 완성한다.

","다진 돼지고기1/2 컵
다진 파2T
식용유2T
쌀국수1인분
청양고추1/2 개
홍고추1/2 개
건새우1T
칵테일새우1T
달걀1개
숙주1/2 컵
다진마늘1개
굴소스1/2 T
멸치액젓1/2 T
설탕1/2 T
물2 T",https://dbscthumb-phinf.pstatic.net/2888_000_1/20150210152214214_JG9OCGG2S.jpg/fb39_129_i1.jpg?type=w575_fst&wm=N
48,"볶음쌀국수
",N7,C2,"
쌀국수 250g을 30분정도 물에 불린다.
까나리액젓 2큰 술, 설탕 2큰 술, 굴소스 2큰 술, 물 100mL를 섞어 양념장을 만든다.

프라이팬에 식용유를 두르고 미리 썰어논 마늘 1톨, 대파 1/2대,
홍고추 1개, 청고추 1개, 칵테일새우 1/2컵을 넣고 볶아준다.

볶아준 재료를 프라이팬 한쪽으로 몰아준 뒤, 
한쪽엔 달걀 2개를 깨서 넣어 스크램블을 만들어 재료들과 잘 섞어준다.

쌀국수, 양념장을 넣고 볶아주고 숙주를 넣어 완성!
","쌀국수250g
마늘1톨
대파1/2개
홍고추1개
청고추1개
칵테일 새우1/2컵
계란2개
숙주나물50g
까나리액젓2큰술
설탕2큰술
굴소스2큰술",https://dthumb-phinf.pstatic.net/?src=%22https%3A%2F%2Fdbscthumb-phinf.pstatic.net%2F2756_000_1%2F20131107222013177_WP08EO90F.jpg%2F364_i1.jpg%3Ftype%3Dw690_fst_n%26wm%3DY%22&twidth=670&theight=500&opts=17
49,"지파이
(대만)",N7,C3,"
원래 레시피에는 파프리카 가루도 포함되어 있는데,
제가 구하지 못해서 이번에는 파프리카 가루 제외하고 만들었습니다!

닭가슴살은 찢어지지 않게 칼집을 내서 얇게 펴준 다음 
방망이로 여러 번 두드려주세요! 얇게 만드는 게 중요합니다!

닭잡내에 예민하신 분들은 이렇게 우유나 맛술에 담궈
 비린내를 제거해주시면 좋아요 :)

그리고 분량의 향신료반죽 재료를 넣고 잘 섞어주세요!
사진에는 우유가 포함되어 있지 않습니다! 
우유도 같이 넣고 잘 섞어주세요!

그런 다음 닭가슴살에 향신료 반죽을 얇게 발라준 뒤에 
튀김가루를 듬뿍 묻혀서 떨어지지 않게 잘 단단하게 눌러주세요!

그런 다음 너무 세지 않은 불에서 튀김유를 넣고 
노릇노릇하게 익혀주세요! 고기가 얇아서 그런지 
살짝 신경 쓰지 않으면 잘타버리더라구요…! 
(경험담) 조심해주세요…! 

그리고 키친타월에 기름을 살짝 빼주세요

그리고 먹음직스럽게 그릇에 담으면 완성입니다!
","재료리스트
2인 기준
닭가슴살400g
튀김가루약간
카레1큰술
케이준파우더0.5큰술
마늘가루1큰술
생강가루1큰술
노른자1개
우유1컵
밀가루2큰술
후추약간
소금약간
식용유조금",https://upload.wikimedia.org/wikipedia/commons/thumb/0/0a/Chicken_Fillet_and_Veal_Sausage_with_Spaghetti_in_Tomato_Sauce.JPG/220px-Chicken_Fillet_and_Veal_Sausage_with_Spaghetti_in_Tomato_Sauce.JPG
50,바질 돼지고기 덮밥,N7,C1,"볼에 설탕, 진간장, 피시소스, 굴소스, 물을 섞어 고기양념장을 만든다.

절구에 자른 태국고추와 청양고추, 생강, 마늘을 넣어 빻는다. 
재료를 절구에 함께 넣고 빻으면 각 재료의 맛이 조화롭게 
어우러지고 풍부한 향과 아삭한 식감을 살릴 수 있다.

웍에 기름을 두르고 2의 볶음재료를 넣어 강불에 볶다가
간장을 웍 가장자리에 둘러 살짝 태우듯 해서 불 맛을 입힌다.

자른 양파와 쪽파를 넣어 볶다가 다진 돼지고기를 넣어 
볶고 고기양념장을 넣는다.

양념장이 반 정도 졸아들면 바질과 민트를 넣어
볶다가 밥을 넣고 눌러가며 볶는다

접시에 볶음밥을 담고 위에 달걀후라이와 오이, 토마토를 함께 곁들이면 완성.","재료리스트
1인 기준
밥1공기
다진돼지고기150g
양파1/4개
쪽파1줄기
바질5장
민트3장
마늘2개
태국고추1개
청양고추1/2개
생강1/3개
달걀후라이1개
설탕1큰술
진간장1/2큰술
피시소스1큰술
굴소스1/2큰술",https://search.pstatic.net/common/?src=http%3A%2F%2Fblogfiles.naver.net%2FMjAxODA2MTRfMjU5%2FMDAxNTI4OTQzMzMzNDE4.GX1VmGG6sjsxMNFRHRc8RvH48metH_lfj0WdZTm5-jEg.SQvC5-W5SYT7fO0l1_Fb7nQtDAup8Ia8xJ8FtfvWUHcg.JPEG.kinojina%2FR0161605.jpg&type=b400
51,치킨카레또띠아피자,N7,C5,"굳은 카레에 우유나 물 살짝부어 끓여서 조금 풀어주세요.
하루 지나 식은 치킨은 마른팬에다가 다시 볶아주세요.
또띠아를 구워줍니다. 

또띠아 굽는 과정을 거쳤으면
 일단 또띠아 한장을 깔고 그 위에 카레를 발라주세요.
피자에 토마토소스바르듯이
아까 볶아놓은 치킨얹고 피자치즈 올려주시고요.

그 위에 또띠아 한장 더 올려서 똑같은 과정을 거칩니다. 
푸짐하게올려주세요 팍팍!!

그리고 팬에 뚜껑닫고 치즈가 녹을때까지 
기다려주면 완성~~ 
","재료리스트
1인 기준
남은카레(3분카레로 대체가능)먹고싶은만큼
남은치킨(치킨텐더로 대체가능, 
닭다리살구워넣는것도 가능)먹고싶은만큼
또띠아2장
모짜렐라치즈먹고싶은만큼",https://postfiles.pstatic.net/MjAyMDAyMTRfMTg0/MDAxNTgxNjQ0NjQzNTY2.eHvBiqHYB_MCpxKl7YuFVSaSFnLtb-LGMq01NgGJ8oAg.aw_TIShE2HGc_iJ73Bc46GieFpp5SB9sMlAWkbi2lIwg.JPEG.bomin0907/SE-15dba261-3328-4199-a42c-f6ea9b24e414.jpg?type=w773
,,,,,,
